Store,DayOfWeek,Date,Sales,Customers,Open,Promo,Year,Month,Day,WeekOfYear,RandomPromo,BadPromo,GreatestPromo,StoreType_c,Assortment_a,pred_Sales
1,5,2015-07-31,5263,555,1,1,2015,7,31,31,0,0,0,True,True,4574.353
1,4,2015-07-30,5020,546,1,1,2015,7,30,31,1,0,0,True,True,4598.645
1,3,2015-07-29,4782,523,1,1,2015,7,29,31,0,0,0,True,True,4813.4194
1,2,2015-07-28,5011,560,1,1,2015,7,28,31,0,0,0,True,True,5002.434
1,1,2015-07-27,6102,612,1,1,2015,7,27,31,0,0,1,True,True,6147.575
1,7,2015-07-26,0,0,0,0,2015,7,26,30,0,0,0,True,True,0.0
1,6,2015-07-25,4364,500,1,0,2015,7,25,30,0,0,0,True,True,4178.248
1,5,2015-07-24,3706,459,1,0,2015,7,24,30,0,0,0,True,True,3806.1
1,4,2015-07-23,3769,503,1,0,2015,7,23,30,0,0,0,True,True,3576.3535
1,3,2015-07-22,3464,463,1,0,2015,7,22,30,0,1,0,True,True,3702.2373
1,2,2015-07-21,3558,469,1,0,2015,7,21,30,0,1,0,True,True,3720.0193
1,1,2015-07-20,4395,526,1,0,2015,7,20,30,1,0,0,True,True,3950.468
1,7,2015-07-19,0,0,0,0,2015,7,19,29,0,0,0,True,True,0.0
1,6,2015-07-18,4406,512,1,0,2015,7,18,29,0,0,0,True,True,4178.248
1,5,2015-07-17,4852,519,1,1,2015,7,17,29,0,0,0,True,True,4536.2183
1,4,2015-07-16,4427,517,1,1,2015,7,16,29,0,0,0,True,True,4579.967
1,3,2015-07-15,4767,550,1,1,2015,7,15,29,0,0,0,True,True,4775.2847
1,2,2015-07-14,5042,544,1,1,2015,7,14,29,0,0,0,True,True,4964.2993
1,1,2015-07-13,5054,553,1,1,2015,7,13,29,0,0,0,True,True,5353.218
1,7,2015-07-12,0,0,0,0,2015,7,12,28,0,0,0,True,True,0.0
1,6,2015-07-11,3530,441,1,0,2015,7,11,28,0,1,0,True,True,4289.28
1,5,2015-07-10,3808,449,1,0,2015,7,10,28,0,0,0,True,True,3874.3674
1,4,2015-07-09,3897,480,1,0,2015,7,9,28,0,0,0,True,True,3644.6208
1,3,2015-07-08,3797,485,1,0,2015,7,8,28,0,0,0,True,True,3711.189
1,2,2015-07-07,3650,485,1,0,2015,7,7,28,0,1,0,True,True,3728.971
1,1,2015-07-06,4359,540,1,0,2015,7,6,28,0,0,0,True,True,3955.6428
1,7,2015-07-05,0,0,0,0,2015,7,5,27,0,0,0,True,True,0.0
1,6,2015-07-04,4797,560,1,0,2015,7,4,27,0,0,0,True,True,4309.4272
1,5,2015-07-03,4665,538,1,1,2015,7,3,27,0,0,0,True,True,4604.4854
1,4,2015-07-02,5558,573,1,1,2015,7,2,27,0,0,0,True,True,4648.234
1,3,2015-07-01,5223,562,1,1,2015,7,1,27,0,0,0,True,True,4784.236
1,2,2015-06-30,5735,568,1,1,2015,6,30,27,0,0,0,True,True,5047.2603
1,1,2015-06-29,5197,541,1,1,2015,6,29,27,0,0,0,True,True,5416.377
1,7,2015-06-28,0,0,0,0,2015,6,28,26,1,0,0,True,True,0.0
1,6,2015-06-27,4019,463,1,0,2015,6,27,26,1,0,0,True,True,4465.914
1,5,2015-06-26,3317,420,1,0,2015,6,26,26,0,1,0,True,True,4042.1858
1,4,2015-06-25,3533,433,1,0,2015,6,25,26,0,1,0,True,True,3705.9465
1,3,2015-06-24,3346,414,1,0,2015,6,24,26,0,1,0,True,True,3772.5146
1,2,2015-06-23,3762,447,1,0,2015,6,23,26,0,0,0,True,True,3790.2966
1,1,2015-06-22,3846,489,1,0,2015,6,22,26,0,0,0,True,True,3997.167
1,7,2015-06-21,0,0,0,0,2015,6,21,25,0,0,0,True,True,0.0
1,6,2015-06-20,4097,494,1,0,2015,6,20,25,0,0,0,True,True,4487.0586
1,5,2015-06-19,4202,487,1,1,2015,6,19,25,0,0,0,True,True,4737.137
1,4,2015-06-18,4645,498,1,1,2015,6,18,25,1,0,0,True,True,4654.936
1,3,2015-06-17,4000,476,1,1,2015,6,17,25,0,0,0,True,True,4750.183
1,2,2015-06-16,4852,503,1,1,2015,6,16,25,0,0,0,True,True,4939.1978
1,1,2015-06-15,5518,586,1,1,2015,6,15,25,0,0,0,True,True,5308.3145
1,7,2015-06-14,0,0,0,0,2015,6,14,24,0,0,0,True,True,0.0
1,6,2015-06-13,4256,502,1,0,2015,6,13,24,0,0,0,True,True,4495.783
1,5,2015-06-12,3695,422,1,0,2015,6,12,24,0,1,0,True,True,4036.992
1,4,2015-06-11,3627,442,1,0,2015,6,11,24,1,1,0,True,True,3681.296
1,3,2015-06-10,3591,453,1,0,2015,6,10,24,0,1,0,True,True,3767.3208
1,2,2015-06-09,4102,485,1,0,2015,6,9,24,1,0,0,True,True,3800.7537
1,1,2015-06-08,4071,502,1,0,2015,6,8,24,0,0,0,True,True,3991.9731
1,7,2015-06-07,0,0,0,0,2015,6,7,23,0,0,0,True,True,0.0
1,6,2015-06-06,4183,460,1,0,2015,6,6,23,1,0,0,True,True,4773.5903
1,5,2015-06-05,5384,609,1,1,2015,6,5,23,0,0,0,True,True,5042.889
1,4,2015-06-04,0,0,0,1,2015,6,4,23,0,0,0,True,True,0.0
1,3,2015-06-03,5809,616,1,1,2015,6,3,23,0,0,0,True,True,5116.1465
1,2,2015-06-02,5450,590,1,1,2015,6,2,23,0,0,0,True,True,5130.175
1,1,2015-06-01,5774,607,1,1,2015,6,1,23,0,0,0,True,True,5499.2915
1,7,2015-05-31,0,0,0,0,2015,5,31,22,0,0,0,True,True,0.0
1,6,2015-05-30,5592,580,1,0,2015,5,30,22,0,0,0,True,True,5262.0923
1,5,2015-05-29,4656,537,1,0,2015,5,29,22,0,0,0,True,True,4803.3013
1,4,2015-05-28,4111,474,1,0,2015,5,28,22,0,0,0,True,True,4301.209
1,3,2015-05-27,4083,497,1,0,2015,5,27,22,0,0,0,True,True,4367.777
1,2,2015-05-26,4211,479,1,0,2015,5,26,22,0,0,0,True,True,4125.7686
1,1,2015-05-25,0,0,0,0,2015,5,25,22,0,0,0,True,True,0.0
1,7,2015-05-24,0,0,0,0,2015,5,24,21,0,0,0,True,True,0.0
1,6,2015-05-23,4276,506,1,0,2015,5,23,21,1,0,0,True,True,4452.4263
1,5,2015-05-22,4459,495,1,1,2015,5,22,21,0,0,0,True,True,4592.0063
1,4,2015-05-21,3755,471,1,1,2015,5,21,21,0,0,0,True,True,4520.4956
1,3,2015-05-20,4735,533,1,1,2015,5,20,21,0,0,0,True,True,4656.4976
1,2,2015-05-19,5235,546,1,1,2015,5,19,21,0,0,0,True,True,4882.5483
1,1,2015-05-18,5280,577,1,1,2015,5,18,21,0,0,0,True,True,5288.8984
1,7,2015-05-17,0,0,0,0,2015,5,17,20,0,0,0,True,True,0.0
1,6,2015-05-16,4431,505,1,0,2015,5,16,20,0,0,0,True,True,4468.907
1,5,2015-05-15,4178,523,1,0,2015,5,15,20,0,0,0,True,True,4010.1165
1,4,2015-05-14,0,0,0,0,2015,5,14,20,0,0,0,True,True,0.0
1,3,2015-05-13,3998,523,1,0,2015,5,13,20,0,0,0,True,True,3687.4626
1,2,2015-05-12,3547,438,1,0,2015,5,12,20,0,1,0,True,True,3742.2805
1,1,2015-05-11,3551,453,1,0,2015,5,11,20,0,1,0,True,True,3986.384
1,7,2015-05-10,0,0,0,0,2015,5,10,19,0,0,0,True,True,0.0
1,6,2015-05-09,4945,596,1,0,2015,5,9,19,0,0,0,True,True,4741.57
1,5,2015-05-08,4683,536,1,1,2015,5,8,19,0,0,0,True,True,4821.94
1,4,2015-05-07,4529,491,1,1,2015,5,7,19,0,0,0,True,True,4750.429
1,3,2015-05-06,4960,536,1,1,2015,5,6,19,0,0,0,True,True,4886.431
1,2,2015-05-05,4564,514,1,1,2015,5,5,19,0,0,0,True,True,5075.446
1,1,2015-05-04,5591,589,1,1,2015,5,4,19,0,0,0,True,True,5481.796
1,7,2015-05-03,0,0,0,0,2015,5,3,18,0,0,0,True,True,0.0
1,6,2015-05-02,5850,653,1,0,2015,5,2,18,0,0,1,True,True,6074.383
1,5,2015-05-01,0,0,0,1,2015,5,1,18,0,0,0,True,True,0.0
1,4,2015-04-30,6228,650,1,1,2015,4,30,18,0,0,1,True,True,6002.2925
1,3,2015-04-29,5775,579,1,1,2015,4,29,18,0,0,0,True,True,4866.7188
1,2,2015-04-28,5199,552,1,1,2015,4,28,18,0,0,0,True,True,5055.7334
1,1,2015-04-27,5575,574,1,1,2015,4,27,18,0,0,0,True,True,5462.0835
1,7,2015-04-26,0,0,0,0,2015,4,26,17,0,0,0,True,True,0.0
1,6,2015-04-25,4318,537,1,0,2015,4,25,17,0,0,0,True,True,4291.1685
1,5,2015-04-24,3198,437,1,0,2015,4,24,17,0,1,0,True,True,3780.092
1,4,2015-04-23,3076,426,1,0,2015,4,23,17,0,1,0,True,True,3356.8015
1,3,2015-04-22,3319,411,1,0,2015,4,22,17,0,1,0,True,True,3423.3696
1,2,2015-04-21,3037,416,1,0,2015,4,21,17,0,1,0,True,True,3441.1516
1,1,2015-04-20,3722,480,1,0,2015,4,20,17,0,0,0,True,True,3766.7578
1,7,2015-04-19,0,0,0,0,2015,4,19,16,0,0,0,True,True,0.0
1,6,2015-04-18,4594,544,1,0,2015,4,18,16,1,0,0,True,True,4585.2866
1,5,2015-04-17,4718,511,1,1,2015,4,17,16,0,0,0,True,True,4432.5635
1,4,2015-04-16,4116,480,1,1,2015,4,16,16,0,0,0,True,True,4314.2246
1,3,2015-04-15,4110,501,1,1,2015,4,15,16,0,0,0,True,True,4450.2266
1,2,2015-04-14,4648,535,1,1,2015,4,14,16,0,0,0,True,True,4639.241
1,1,2015-04-13,5377,574,1,1,2015,4,13,16,0,0,0,True,True,5061.71
1,7,2015-04-12,0,0,0,0,2015,4,12,15,0,0,0,True,True,0.0
1,6,2015-04-11,4173,525,1,0,2015,4,11,15,0,0,0,True,True,4624.711
1,5,2015-04-10,3549,428,1,0,2015,4,10,15,1,1,0,True,True,4200.502
1,4,2015-04-09,3467,430,1,0,2015,4,9,15,0,1,0,True,True,3657.9182
1,3,2015-04-08,4194,500,1,0,2015,4,8,15,0,0,0,True,True,3724.4863
1,2,2015-04-07,4163,555,1,0,2015,4,7,15,0,0,0,True,True,3742.2683
1,1,2015-04-06,0,0,0,0,2015,4,6,15,0,0,0,True,True,0.0
1,7,2015-04-05,0,0,0,0,2015,4,5,14,0,0,0,True,True,0.0
1,6,2015-04-04,6709,796,1,0,2015,4,4,14,0,0,1,True,True,6340.5864
1,5,2015-04-03,0,0,0,1,2015,4,3,14,0,0,0,True,True,0.0
1,4,2015-04-02,6574,722,1,1,2015,4,2,14,0,0,1,True,True,6125.208
1,3,2015-04-01,6816,707,1,1,2015,4,1,14,0,0,1,True,True,6227.132
1,2,2015-03-31,6206,589,1,1,2015,3,31,14,0,0,1,True,True,6136.68
1,1,2015-03-30,6714,697,1,1,2015,3,30,14,0,0,1,True,True,6225.057
1,7,2015-03-29,0,0,0,0,2015,3,29,13,0,0,0,True,True,0.0
1,6,2015-03-28,5208,605,1,0,2015,3,28,13,0,0,0,True,True,4720.121
1,5,2015-03-27,4005,529,1,0,2015,3,27,13,0,0,0,True,True,4173.9062
1,4,2015-03-26,3932,490,1,0,2015,3,26,13,0,0,0,True,True,3718.1875
1,3,2015-03-25,3531,447,1,0,2015,3,25,13,0,1,0,True,True,3764.4766
1,2,2015-03-24,3547,464,1,0,2015,3,24,13,0,1,0,True,True,3717.0332
1,1,2015-03-23,3565,495,1,0,2015,3,23,13,0,1,0,True,True,3877.6516
1,7,2015-03-22,0,0,0,0,2015,3,22,12,0,0,0,True,True,0.0
1,6,2015-03-21,3909,506,1,0,2015,3,21,12,0,0,0,True,True,4700.505
1,5,2015-03-20,4057,472,1,1,2015,3,20,12,0,0,0,True,True,4607.622
1,4,2015-03-19,4748,535,1,1,2015,3,19,12,1,0,0,True,True,4514.382
1,3,2015-03-18,3858,504,1,1,2015,3,18,12,0,0,0,True,True,4607.072
1,2,2015-03-17,4806,555,1,1,2015,3,17,12,0,0,0,True,True,4796.0864
1,1,2015-03-16,5695,605,1,1,2015,3,16,12,0,0,0,True,True,5118.9517
1,7,2015-03-15,0,0,0,0,2015,3,15,11,0,0,0,True,True,0.0
1,6,2015-03-14,5225,599,1,0,2015,3,14,11,1,0,0,True,True,4836.8022
1,5,2015-03-13,3725,493,1,0,2015,3,13,11,1,0,0,True,True,4308.434
1,4,2015-03-12,3141,405,1,0,2015,3,12,11,0,1,0,True,True,3755.806
1,3,2015-03-11,4170,521,1,0,2015,3,11,11,0,0,0,True,True,3802.095
1,2,2015-03-10,3805,491,1,0,2015,3,10,11,0,0,0,True,True,3739.2698
1,1,2015-03-09,3701,485,1,0,2015,3,9,11,0,1,0,True,True,3899.8882
1,7,2015-03-08,0,0,0,0,2015,3,8,10,0,0,0,True,True,0.0
1,6,2015-03-07,4592,570,1,0,2015,3,7,10,0,0,0,True,True,4842.2236
1,5,2015-03-06,5397,579,1,1,2015,3,6,10,0,0,0,True,True,4804.9126
1,4,2015-03-05,4419,534,1,1,2015,3,5,10,0,0,0,True,True,4613.093
1,3,2015-03-04,5568,597,1,1,2015,3,4,10,0,0,0,True,True,4715.212
1,2,2015-03-03,5451,576,1,1,2015,3,3,10,1,0,0,True,True,4835.51
1,1,2015-03-02,5942,669,1,1,2015,3,2,10,0,0,1,True,True,6181.513
1,7,2015-03-01,0,0,0,0,2015,3,1,9,0,0,0,True,True,0.0
1,6,2015-02-28,5289,640,1,0,2015,2,28,9,0,0,0,True,True,4893.7144
1,5,2015-02-27,4708,542,1,0,2015,2,27,9,1,0,0,True,True,4537.8555
1,4,2015-02-26,4042,489,1,0,2015,2,26,9,0,0,0,True,True,3868.0498
1,3,2015-02-25,3875,512,1,0,2015,2,25,9,0,0,0,True,True,3827.5107
1,2,2015-02-24,4054,500,1,0,2015,2,24,9,0,0,0,True,True,3724.8396
1,1,2015-02-23,3598,454,1,0,2015,2,23,9,0,1,0,True,True,3777.2332
1,7,2015-02-22,0,0,0,0,2015,2,22,8,0,0,0,True,True,0.0
1,6,2015-02-21,4475,547,1,0,2015,2,21,8,0,0,0,True,True,4824.072
1,5,2015-02-20,4651,548,1,1,2015,2,20,8,0,0,0,True,True,4731.3774
1,4,2015-02-19,4460,507,1,1,2015,2,19,8,0,0,0,True,True,4551.8896
1,3,2015-02-18,4180,509,1,1,2015,2,18,8,0,0,0,True,True,4590.279
1,2,2015-02-17,4833,512,1,1,2015,2,17,8,0,0,0,True,True,4724.066
1,1,2015-02-16,4303,478,1,1,2015,2,16,8,0,0,0,True,True,4910.788
1,7,2015-02-15,0,0,0,0,2015,2,15,7,0,0,0,True,True,0.0
1,6,2015-02-14,5015,624,1,0,2015,2,14,7,0,0,0,True,True,4824.072
1,5,2015-02-13,4726,630,1,0,2015,2,13,7,0,0,0,True,True,4278.0454
1,4,2015-02-12,3900,477,1,0,2015,2,12,7,0,0,0,True,True,3780.846
1,3,2015-02-11,3735,501,1,0,2015,2,11,7,0,0,0,True,True,3728.0676
1,2,2015-02-10,3136,419,1,0,2015,2,10,7,0,1,0,True,True,3625.3965
1,1,2015-02-09,3965,501,1,0,2015,2,9,7,0,0,0,True,True,3688.909
1,7,2015-02-08,0,0,0,0,2015,2,8,6,0,0,0,True,True,0.0
1,6,2015-02-07,4663,599,1,0,2015,2,7,6,0,0,0,True,True,4957.204
1,5,2015-02-06,5022,604,1,1,2015,2,6,6,0,0,0,True,True,4864.51
1,4,2015-02-05,4394,551,1,1,2015,2,5,6,0,0,0,True,True,4605.8906
1,3,2015-02-04,4672,544,1,1,2015,2,4,6,0,0,0,True,True,4644.28
1,2,2015-02-03,4901,596,1,1,2015,2,3,6,1,0,0,True,True,4785.728
1,1,2015-02-02,6038,669,1,1,2015,2,2,6,0,0,1,True,True,5922.285
1,7,2015-02-01,0,0,0,0,2015,2,1,5,0,0,0,True,True,0.0
1,6,2015-01-31,5363,638,1,0,2015,1,31,5,0,0,0,True,True,5061.8696
1,5,2015-01-30,5577,616,1,1,2015,1,30,5,1,0,0,True,True,5135.1963
1,4,2015-01-29,5171,573,1,1,2015,1,29,5,0,0,0,True,True,4666.0996
1,3,2015-01-28,4310,537,1,1,2015,1,28,5,0,0,0,True,True,4704.489
1,2,2015-01-27,4806,532,1,1,2015,1,27,5,0,0,0,True,True,4853.5415
1,1,2015-01-26,4781,566,1,1,2015,1,26,5,0,0,0,True,True,4993.867
1,7,2015-01-25,0,0,0,0,2015,1,25,4,0,0,0,True,True,0.0
1,6,2015-01-24,4840,600,1,0,2015,1,24,4,0,0,0,True,True,4911.9263
1,5,2015-01-23,3586,489,1,0,2015,1,23,4,0,1,0,True,True,4237.243
1,4,2015-01-22,3492,493,1,0,2015,1,22,4,0,1,0,True,True,3737.2527
1,3,2015-01-21,3299,460,1,0,2015,1,21,4,0,1,0,True,True,3684.4744
1,2,2015-01-20,3680,462,1,0,2015,1,20,4,1,1,0,True,True,3671.0698
1,1,2015-01-19,3721,480,1,0,2015,1,19,4,0,0,0,True,True,3765.064
1,7,2015-01-18,0,0,0,0,2015,1,18,3,0,0,0,True,True,0.0
1,6,2015-01-17,5255,622,1,0,2015,1,17,3,0,0,0,True,True,4738.8286
1,5,2015-01-16,4161,524,1,1,2015,1,16,3,0,0,0,True,True,4496.896
1,4,2015-01-15,4295,517,1,1,2015,1,15,3,0,0,0,True,True,4314.6177
1,3,2015-01-14,4541,545,1,1,2015,1,14,3,0,0,0,True,True,4559.749
1,2,2015-01-13,4924,564,1,1,2015,1,13,3,0,0,0,True,True,4796.7197
1,1,2015-01-12,5346,590,1,1,2015,1,12,3,0,0,0,True,True,5171.2134
1,7,2015-01-11,0,0,0,0,2015,1,11,2,0,0,0,True,True,0.0
1,6,2015-01-10,4599,566,1,0,2015,1,10,2,0,0,0,True,True,4669.694
1,5,2015-01-09,3998,494,1,1,2015,1,9,2,0,0,0,True,True,4470.623
1,4,2015-01-08,3716,457,1,1,2015,1,8,2,0,0,0,True,True,4334.629
1,3,2015-01-07,4796,603,1,1,2015,1,7,2,0,0,0,True,True,4638.0366
1,2,2015-01-06,4574,595,1,1,2015,1,6,2,0,0,0,True,True,4839.5815
1,1,2015-01-05,6239,712,1,1,2015,1,5,2,0,0,1,True,True,6133.1772
1,7,2015-01-04,0,0,0,0,2015,1,4,1,0,0,0,True,True,0.0
1,6,2015-01-03,5023,645,1,0,2015,1,3,1,0,0,0,True,True,5245.884
1,5,2015-01-02,5509,657,1,0,2015,1,2,1,0,0,0,True,True,4858.3384
1,4,2015-01-01,0,0,0,0,2015,1,1,1,0,0,0,True,True,0.0
1,3,2014-12-31,2605,327,1,0,2014,12,31,1,0,1,0,True,True,3090.0083
1,2,2014-12-30,6466,703,1,0,2014,12,30,1,0,0,1,True,True,6049.4863
1,1,2014-12-29,6463,700,1,0,2014,12,29,1,0,0,1,True,True,6637.7363
1,7,2014-12-28,0,0,0,0,2014,12,28,52,0,0,0,True,True,0.0
1,6,2014-12-27,6057,684,1,0,2014,12,27,52,0,0,1,True,True,6786.4854
1,5,2014-12-26,0,0,0,0,2014,12,26,52,0,0,0,True,True,0.0
1,4,2014-12-25,0,0,0,0,2014,12,25,52,0,0,0,True,True,0.0
1,3,2014-12-24,3659,421,1,0,2014,12,24,52,0,1,0,True,True,3703.2517
1,2,2014-12-23,7959,957,1,0,2014,12,23,52,0,0,1,True,True,7536.8325
1,1,2014-12-22,9331,1080,1,0,2014,12,22,52,0,0,1,True,True,8948.069
1,7,2014-12-21,0,0,0,0,2014,12,21,51,0,0,0,True,True,0.0
1,6,2014-12-20,8367,962,1,0,2014,12,20,51,0,0,1,True,True,7953.419
1,5,2014-12-19,7558,884,1,1,2014,12,19,51,0,0,1,True,True,7646.2637
1,4,2014-12-18,7785,841,1,1,2014,12,18,51,0,0,1,True,True,7603.2725
1,3,2014-12-17,7523,791,1,1,2014,12,17,51,1,0,1,True,True,6674.2974
1,2,2014-12-16,7739,823,1,1,2014,12,16,51,0,0,1,True,True,7676.834
1,1,2014-12-15,8069,871,1,1,2014,12,15,51,0,0,1,True,True,8404.41
1,7,2014-12-14,0,0,0,0,2014,12,14,50,0,0,0,True,True,0.0
1,6,2014-12-13,7263,850,1,0,2014,12,13,50,0,0,1,True,True,7044.1426
1,5,2014-12-12,5269,617,1,0,2014,12,12,50,0,0,0,True,True,5300.139
1,4,2014-12-11,5060,587,1,0,2014,12,11,50,0,0,0,True,True,4742.81
1,3,2014-12-10,4915,619,1,0,2014,12,10,50,0,0,0,True,True,4584.791
1,2,2014-12-09,4345,559,1,0,2014,12,9,50,0,0,0,True,True,4584.3286
1,1,2014-12-08,4884,610,1,0,2014,12,8,50,0,0,0,True,True,4869.4624
1,7,2014-12-07,0,0,0,0,2014,12,7,49,0,0,0,True,True,0.0
1,6,2014-12-06,6185,746,1,0,2014,12,6,49,0,0,1,True,True,6651.442
1,5,2014-12-05,6207,712,1,1,2014,12,5,49,0,0,1,True,True,6665.8477
1,4,2014-12-04,7016,681,1,1,2014,12,4,49,0,0,1,True,True,6622.8564
1,3,2014-12-03,6454,695,1,1,2014,12,3,49,1,0,1,True,True,6615.7695
1,2,2014-12-02,6467,717,1,1,2014,12,2,49,1,0,1,True,True,6615.307
1,1,2014-12-01,7380,723,1,1,2014,12,1,49,1,0,1,True,True,7161.369
1,7,2014-11-30,0,0,0,0,2014,11,30,48,0,0,0,True,True,0.0
1,6,2014-11-29,7066,749,1,0,2014,11,29,48,0,0,1,True,True,6606.2505
1,5,2014-11-28,7195,711,1,1,2014,11,28,48,1,0,1,True,True,6603.8735
1,4,2014-11-27,6144,668,1,1,2014,11,27,48,0,0,1,True,True,6559.7715
1,3,2014-11-26,5328,611,1,1,2014,11,26,48,1,0,0,True,True,5418.0024
1,2,2014-11-25,5815,610,1,1,2014,11,25,48,1,0,0,True,True,5588.7734
1,1,2014-11-24,6527,694,1,1,2014,11,24,48,0,0,1,True,True,6779.7837
1,7,2014-11-23,0,0,0,0,2014,11,23,47,0,0,0,True,True,0.0
1,6,2014-11-22,5849,678,1,0,2014,11,22,47,0,0,1,True,True,6092.393
1,5,2014-11-21,4594,570,1,0,2014,11,21,47,0,0,0,True,True,4756.0
1,4,2014-11-20,4963,635,1,0,2014,11,20,47,0,0,0,True,True,4225.2285
1,3,2014-11-19,3894,494,1,0,2014,11,19,47,0,0,0,True,True,4160.585
1,2,2014-11-18,3890,529,1,0,2014,11,18,47,0,0,0,True,True,4160.1226
1,1,2014-11-17,3582,491,1,0,2014,11,17,47,1,1,0,True,True,4382.207
1,7,2014-11-16,0,0,0,0,2014,11,16,46,0,0,0,True,True,0.0
1,6,2014-11-15,4967,614,1,0,2014,11,15,46,0,0,0,True,True,4893.8306
1,5,2014-11-14,5334,603,1,1,2014,11,14,46,0,0,0,True,True,4947.9326
1,4,2014-11-13,3869,471,1,1,2014,11,13,46,0,0,0,True,True,4702.8237
1,3,2014-11-12,4677,533,1,1,2014,11,12,46,1,0,0,True,True,4807.6714
1,2,2014-11-11,4479,555,1,1,2014,11,11,46,0,0,0,True,True,4948.5522
1,1,2014-11-10,5474,578,1,1,2014,11,10,46,0,0,0,True,True,5230.895
1,7,2014-11-09,0,0,0,0,2014,11,9,45,0,0,0,True,True,0.0
1,6,2014-11-08,4720,546,1,0,2014,11,8,45,0,0,0,True,True,4978.2954
1,5,2014-11-07,5220,582,1,1,2014,11,7,45,0,0,0,True,True,5094.695
1,4,2014-11-06,4785,527,1,1,2014,11,6,45,0,0,0,True,True,4849.586
1,3,2014-11-05,4838,539,1,1,2014,11,5,45,0,0,0,True,True,4924.5435
1,2,2014-11-04,5253,586,1,1,2014,11,4,45,0,0,0,True,True,5057.0327
1,1,2014-11-03,5857,625,1,1,2014,11,3,45,0,0,1,True,True,6074.94
1,7,2014-11-02,0,0,0,0,2014,11,2,44,0,0,0,True,True,0.0
1,6,2014-11-01,6532,731,1,0,2014,11,1,44,0,0,1,True,True,6359.199
1,5,2014-10-31,4161,512,1,0,2014,10,31,44,1,0,0,True,True,4146.644
1,4,2014-10-30,4042,492,1,0,2014,10,30,44,0,0,0,True,True,3807.2654
1,3,2014-10-29,3761,449,1,0,2014,10,29,44,0,0,0,True,True,3812.7886
1,2,2014-10-28,3364,439,1,0,2014,10,28,44,0,1,0,True,True,3774.0447
1,1,2014-10-27,4260,475,1,0,2014,10,27,44,0,0,0,True,True,3904.7607
1,7,2014-10-26,0,0,0,0,2014,10,26,43,0,0,0,True,True,0.0
1,6,2014-10-25,4596,539,1,0,2014,10,25,43,0,0,0,True,True,4362.1016
1,5,2014-10-24,4196,495,1,1,2014,10,24,43,0,0,0,True,True,4452.6187
1,4,2014-10-23,4466,476,1,1,2014,10,23,43,0,0,0,True,True,4424.7183
1,3,2014-10-22,4868,566,1,1,2014,10,22,43,0,0,0,True,True,4499.676
1,2,2014-10-21,4678,547,1,1,2014,10,21,43,0,0,0,True,True,4676.4556
1,1,2014-10-20,4652,560,1,1,2014,10,20,43,0,0,0,True,True,4966.8916
1,7,2014-10-19,0,0,0,0,2014,10,19,42,0,0,0,True,True,0.0
1,6,2014-10-18,4169,497,1,0,2014,10,18,42,0,0,0,True,True,4322.6343
1,5,2014-10-17,3720,500,1,0,2014,10,17,42,0,0,0,True,True,3893.1191
1,4,2014-10-16,3430,436,1,0,2014,10,16,42,0,1,0,True,True,3579.556
1,3,2014-10-15,3775,451,1,0,2014,10,15,42,0,0,0,True,True,3596.744
1,2,2014-10-14,3681,476,1,0,2014,10,14,42,0,1,0,True,True,3602.291
1,1,2014-10-13,4033,492,1,0,2014,10,13,42,0,0,0,True,True,3752.115
1,7,2014-10-12,0,0,0,0,2014,10,12,41,0,0,0,True,True,0.0
1,6,2014-10-11,4743,557,1,0,2014,10,11,41,0,0,0,True,True,4707.8896
1,5,2014-10-10,4396,539,1,1,2014,10,10,41,0,0,0,True,True,4857.1777
1,4,2014-10-09,4654,527,1,1,2014,10,9,41,0,0,0,True,True,4829.2773
1,3,2014-10-08,4944,518,1,1,2014,10,8,41,0,0,0,True,True,4880.1196
1,2,2014-10-07,5439,556,1,1,2014,10,7,41,0,0,0,True,True,5056.8994
1,1,2014-10-06,5402,608,1,1,2014,10,6,41,0,0,0,True,True,5347.3354
1,7,2014-10-05,0,0,0,0,2014,10,5,40,0,0,0,True,True,0.0
1,6,2014-10-04,5355,621,1,0,2014,10,4,40,0,0,0,True,True,4745.6855
1,5,2014-10-03,0,0,0,1,2014,10,3,40,0,0,0,True,True,0.0
1,4,2014-10-02,5400,601,1,1,2014,10,2,40,0,0,0,True,True,4867.073
1,3,2014-10-01,4712,554,1,1,2014,10,1,40,0,0,0,True,True,4917.9155
1,2,2014-09-30,4919,550,1,1,2014,9,30,40,0,0,0,True,True,5033.1294
1,1,2014-09-29,5280,566,1,1,2014,9,29,40,1,0,0,True,True,5301.4272
1,7,2014-09-28,0,0,0,0,2014,9,28,39,0,0,0,True,True,0.0
1,6,2014-09-27,3914,464,1,0,2014,9,27,39,0,0,0,True,True,4166.652
1,5,2014-09-26,3518,442,1,0,2014,9,26,39,0,1,0,True,True,3749.9343
1,4,2014-09-25,2462,378,1,0,2014,9,25,39,0,1,0,True,True,3448.5396
1,3,2014-09-24,3405,465,1,0,2014,9,24,39,0,1,0,True,True,3476.066
1,2,2014-09-23,3407,437,1,0,2014,9,23,39,0,1,0,True,True,3493.848
1,1,2014-09-22,3982,466,1,0,2014,9,22,39,0,0,0,True,True,3643.6719
1,7,2014-09-21,0,0,0,0,2014,9,21,38,1,0,0,True,True,0.0
1,6,2014-09-20,3911,500,1,0,2014,9,20,38,0,0,0,True,True,4166.652
1,5,2014-09-19,4128,485,1,1,2014,9,19,38,0,0,0,True,True,4353.6494
1,4,2014-09-18,3740,447,1,1,2014,9,18,38,0,0,0,True,True,4325.749
1,3,2014-09-17,4383,490,1,1,2014,9,17,38,0,0,0,True,True,4422.709
1,2,2014-09-16,4381,511,1,1,2014,9,16,38,0,0,0,True,True,4611.7236
1,1,2014-09-15,4611,545,1,1,2014,9,15,38,0,0,0,True,True,4902.1597
1,7,2014-09-14,0,0,0,0,2014,9,14,37,0,0,0,True,True,0.0
1,6,2014-09-13,4270,508,1,0,2014,9,13,37,0,0,0,True,True,4273.4653
1,5,2014-09-12,3906,501,1,0,2014,9,12,37,0,0,0,True,True,3856.748
1,4,2014-09-11,3392,437,1,0,2014,9,11,37,0,1,0,True,True,3555.3533
1,3,2014-09-10,3275,448,1,0,2014,9,10,37,1,1,0,True,True,3563.821
1,2,2014-09-09,3377,439,1,0,2014,9,9,37,0,1,0,True,True,3612.901
1,1,2014-09-08,3676,530,1,0,2014,9,8,37,0,1,0,True,True,3762.7249
1,7,2014-09-07,0,0,0,0,2014,9,7,36,0,0,0,True,True,0.0
1,6,2014-09-06,3959,515,1,0,2014,9,6,36,0,0,0,True,True,4291.709
1,5,2014-09-05,4706,553,1,1,2014,9,5,36,0,0,0,True,True,4645.989
1,4,2014-09-04,4346,507,1,1,2014,9,4,36,0,0,0,True,True,4618.0884
1,3,2014-09-03,4978,539,1,1,2014,9,3,36,0,0,0,True,True,4727.2876
1,2,2014-09-02,5008,564,1,1,2014,9,2,36,0,0,0,True,True,4916.3022
1,1,2014-09-01,5464,561,1,1,2014,9,1,36,0,0,0,True,True,5247.968
1,7,2014-08-31,0,0,0,0,2014,8,31,35,0,0,0,True,True,0.0
1,6,2014-08-30,4094,518,1,0,2014,8,30,35,0,0,0,True,True,4328.1826
1,5,2014-08-29,3869,439,1,0,2014,8,29,35,0,0,0,True,True,3911.4656
1,4,2014-08-28,3920,467,1,0,2014,8,28,35,0,0,0,True,True,3610.0708
1,3,2014-08-27,3148,421,1,0,2014,8,27,35,0,1,0,True,True,3613.3625
1,2,2014-08-26,3396,460,1,0,2014,8,26,35,0,1,0,True,True,3631.1445
1,1,2014-08-25,3414,449,1,0,2014,8,25,35,0,1,0,True,True,3822.198
1,7,2014-08-24,0,0,0,0,2014,8,24,34,0,0,0,True,True,0.0
1,6,2014-08-23,3582,469,1,0,2014,8,23,34,0,1,0,True,True,4226.6973
1,5,2014-08-22,3971,461,1,1,2014,8,22,34,0,0,0,True,True,4580.977
1,4,2014-08-21,4327,484,1,1,2014,8,21,34,0,0,0,True,True,4553.0767
1,3,2014-08-20,4280,467,1,1,2014,8,20,34,0,0,0,True,True,4723.8726
1,2,2014-08-19,5190,528,1,1,2014,8,19,34,0,0,0,True,True,4912.887
1,1,2014-08-18,5623,598,1,1,2014,8,18,34,0,0,0,True,True,5244.5527
1,7,2014-08-17,0,0,0,0,2014,8,17,33,0,0,0,True,True,0.0
1,6,2014-08-16,4425,544,1,0,2014,8,16,33,0,0,0,True,True,4233.4077
1,5,2014-08-15,3746,479,1,0,2014,8,15,33,0,0,0,True,True,3816.6907
1,4,2014-08-14,3906,481,1,0,2014,8,14,33,0,0,0,True,True,3528.217
1,3,2014-08-13,4069,496,1,0,2014,8,13,33,0,0,0,True,True,3654.1008
1,2,2014-08-12,3185,421,1,0,2014,8,12,33,0,1,0,True,True,3671.8828
1,1,2014-08-11,3886,505,1,0,2014,8,11,33,0,0,0,True,True,3862.9363
1,7,2014-08-10,0,0,0,0,2014,8,10,32,0,0,0,True,True,0.0
1,6,2014-08-09,4174,504,1,0,2014,8,9,32,0,0,0,True,True,4272.638
1,5,2014-08-08,4451,503,1,1,2014,8,8,32,0,0,0,True,True,4662.1343
1,4,2014-08-07,4154,480,1,1,2014,8,7,32,1,0,0,True,True,4602.729
1,3,2014-08-06,5337,575,1,1,2014,8,6,32,0,0,0,True,True,4864.452
1,2,2014-08-05,5433,620,1,1,2014,8,5,32,0,0,0,True,True,5053.467
1,1,2014-08-04,5655,592,1,1,2014,8,4,32,0,0,0,True,True,5385.1323
1,7,2014-08-03,0,0,0,0,2014,8,3,31,0,0,0,True,True,0.0
1,6,2014-08-02,4731,555,1,0,2014,8,2,31,0,0,0,True,True,4325.7856
1,5,2014-08-01,5038,572,1,1,2014,8,1,31,1,0,0,True,True,4706.1
1,4,2014-07-31,5106,575,1,1,2014,7,31,31,0,0,0,True,True,4792.3647
1,3,2014-07-30,5487,587,1,1,2014,7,30,31,1,0,0,True,True,4996.539
1,2,2014-07-29,5252,591,1,1,2014,7,29,31,1,0,0,True,True,5185.5537
1,1,2014-07-28,5372,584,1,1,2014,7,28,31,0,0,0,True,True,5464.2036
1,7,2014-07-27,0,0,0,0,2014,7,27,30,0,0,0,True,True,0.0
1,6,2014-07-26,4266,488,1,0,2014,7,26,30,0,0,0,True,True,4291.3193
1,5,2014-07-25,3858,461,1,0,2014,7,25,30,0,0,0,True,True,3904.2683
1,4,2014-07-24,3557,494,1,0,2014,7,24,30,0,1,0,True,True,3674.5222
1,3,2014-07-23,3806,476,1,0,2014,7,23,30,0,0,0,True,True,3800.406
1,2,2014-07-22,3933,495,1,0,2014,7,22,30,0,0,0,True,True,3818.188
1,1,2014-07-21,4507,528,1,0,2014,7,21,30,0,0,0,True,True,4009.2415
1,7,2014-07-20,0,0,0,0,2014,7,20,29,0,0,0,True,True,0.0
1,6,2014-07-19,4084,477,1,0,2014,7,19,29,0,0,0,True,True,4291.3193
1,5,2014-07-18,4609,506,1,1,2014,7,18,29,0,0,0,True,True,4710.4814
1,4,2014-07-17,4685,525,1,1,2014,7,17,29,0,0,0,True,True,4754.23
1,3,2014-07-16,5424,566,1,1,2014,7,16,29,0,0,0,True,True,4949.548
1,2,2014-07-15,5298,538,1,1,2014,7,15,29,0,0,0,True,True,5138.5625
1,1,2014-07-14,5083,532,1,1,2014,7,14,29,0,0,0,True,True,5470.228
1,7,2014-07-13,0,0,0,0,2014,7,13,28,0,0,0,True,True,0.0
1,6,2014-07-12,4409,531,1,0,2014,7,12,28,0,0,0,True,True,4402.351
1,5,2014-07-11,4020,463,1,0,2014,7,11,28,0,0,0,True,True,3972.5356
1,4,2014-07-10,3741,472,1,0,2014,7,10,28,0,0,0,True,True,3742.7896
1,3,2014-07-09,3547,485,1,0,2014,7,9,28,0,1,0,True,True,3809.3577
1,2,2014-07-08,4081,510,1,0,2014,7,8,28,0,0,0,True,True,3827.1396
1,1,2014-07-07,4223,505,1,0,2014,7,7,28,0,0,0,True,True,4018.193
1,7,2014-07-06,0,0,0,0,2014,7,6,27,1,0,0,True,True,0.0
1,6,2014-07-05,5176,589,1,0,2014,7,5,27,0,0,0,True,True,4422.4985
1,5,2014-07-04,4025,450,1,1,2014,7,4,27,0,0,0,True,True,4778.7485
1,4,2014-07-03,4756,514,1,1,2014,7,3,27,0,0,0,True,True,4822.497
1,3,2014-07-02,5161,560,1,1,2014,7,2,27,0,0,0,True,True,4958.499
1,2,2014-07-01,5138,533,1,1,2014,7,1,27,1,0,0,True,True,5156.37
1,1,2014-06-30,5738,641,1,1,2014,6,30,27,0,0,0,True,True,5533.387
1,7,2014-06-29,0,0,0,0,2014,6,29,26,0,0,0,True,True,0.0
1,6,2014-06-28,5162,566,1,0,2014,6,28,26,0,0,0,True,True,4614.0483
1,5,2014-06-27,4019,501,1,0,2014,6,27,26,0,0,0,True,True,4140.354
1,4,2014-06-26,2749,368,1,0,2014,6,26,26,0,1,0,True,True,3804.1152
1,3,2014-06-25,3727,440,1,0,2014,6,25,26,1,0,0,True,True,3879.5398
1,2,2014-06-24,3351,444,1,0,2014,6,24,26,0,1,0,True,True,3888.4653
1,1,2014-06-23,3755,456,1,0,2014,6,23,26,0,0,0,True,True,4059.7173
1,7,2014-06-22,0,0,0,0,2014,6,22,25,0,0,0,True,True,0.0
1,6,2014-06-21,3982,496,1,0,2014,6,21,25,0,0,0,True,True,4600.13
1,5,2014-06-20,6362,709,1,1,2014,6,20,25,0,0,1,True,True,6132.6074
1,4,2014-06-19,0,0,0,1,2014,6,19,25,0,0,0,True,True,0.0
1,3,2014-06-18,5256,567,1,1,2014,6,18,25,1,0,0,True,True,4933.3027
1,2,2014-06-17,5770,594,1,1,2014,6,17,25,0,0,0,True,True,5113.461
1,1,2014-06-16,4788,529,1,1,2014,6,16,25,0,0,0,True,True,5425.3247
1,7,2014-06-15,0,0,0,0,2014,6,15,24,1,0,0,True,True,0.0
1,6,2014-06-14,4757,562,1,0,2014,6,14,24,1,0,0,True,True,4566.997
1,5,2014-06-13,3901,498,1,0,2014,6,13,24,0,0,0,True,True,4135.16
1,4,2014-06-12,3702,489,1,0,2014,6,12,24,0,1,0,True,True,3798.9214
1,3,2014-06-11,4207,535,1,0,2014,6,11,24,0,0,0,True,True,3865.4895
1,2,2014-06-10,4607,560,1,0,2014,6,10,24,0,0,0,True,True,3883.2715
1,1,2014-06-09,0,0,0,0,2014,6,9,24,0,0,0,True,True,0.0
1,7,2014-06-08,0,0,0,0,2014,6,8,23,0,0,0,True,True,0.0
1,6,2014-06-07,4923,555,1,0,2014,6,7,23,0,0,0,True,True,4824.9106
1,5,2014-06-06,4957,575,1,1,2014,6,6,23,0,0,0,True,True,5096.1914
1,4,2014-06-05,5278,585,1,1,2014,6,5,23,0,0,0,True,True,5033.447
1,3,2014-06-04,5229,570,1,1,2014,6,4,23,0,0,0,True,True,5169.4487
1,2,2014-06-03,5614,593,1,1,2014,6,3,23,0,0,0,True,True,5183.477
1,1,2014-06-02,6071,609,1,1,2014,6,2,23,0,0,1,True,True,6350.9688
1,7,2014-06-01,0,0,0,0,2014,6,1,22,0,0,0,True,True,0.0
1,6,2014-05-31,4985,560,1,0,2014,5,31,22,0,0,0,True,True,5254.2026
1,5,2014-05-30,5407,628,1,0,2014,5,30,22,0,0,0,True,True,4780.5083
1,4,2014-05-29,0,0,0,0,2014,5,29,22,0,0,0,True,True,0.0
1,3,2014-05-28,4616,581,1,0,2014,5,28,22,0,0,0,True,True,4344.984
1,2,2014-05-27,3971,511,1,0,2014,5,27,22,0,0,0,True,True,4102.9756
1,1,2014-05-26,3912,494,1,0,2014,5,26,22,0,0,0,True,True,4213.8433
1,7,2014-05-25,0,0,0,0,2014,5,25,21,0,0,0,True,True,0.0
1,6,2014-05-24,4574,516,1,0,2014,5,24,21,0,0,0,True,True,4592.3086
1,5,2014-05-23,4968,526,1,1,2014,5,23,21,0,0,0,True,True,4733.8706
1,4,2014-05-22,3801,481,1,1,2014,5,22,21,0,0,0,True,True,4662.36
1,3,2014-05-21,4298,510,1,1,2014,5,21,21,0,0,0,True,True,4798.362
1,2,2014-05-20,4909,549,1,1,2014,5,20,21,0,0,0,True,True,5024.4126
1,1,2014-05-19,5637,608,1,1,2014,5,19,21,0,0,0,True,True,5373.51
1,7,2014-05-18,0,0,0,0,2014,5,18,20,0,0,0,True,True,0.0
1,6,2014-05-17,3785,512,1,0,2014,5,17,20,0,0,0,True,True,4549.5796
1,5,2014-05-16,3863,479,1,0,2014,5,16,20,1,0,0,True,True,4031.8162
1,4,2014-05-15,3589,491,1,0,2014,5,15,20,0,1,0,True,True,3686.6643
1,3,2014-05-14,3710,474,1,0,2014,5,14,20,0,0,0,True,True,3753.2324
1,2,2014-05-13,3535,449,1,0,2014,5,13,20,0,1,0,True,True,3808.0503
1,1,2014-05-12,3957,555,1,0,2014,5,12,20,1,0,0,True,True,3989.371
1,7,2014-05-11,0,0,0,0,2014,5,11,19,1,0,0,True,True,0.0
1,6,2014-05-10,5996,710,1,0,2014,5,10,19,0,0,1,True,True,6065.7427
1,5,2014-05-09,5237,622,1,1,2014,5,9,19,0,0,0,True,True,4963.804
1,4,2014-05-08,5222,614,1,1,2014,5,8,19,0,0,0,True,True,4892.2935
1,3,2014-05-07,5075,604,1,1,2014,5,7,19,0,0,0,True,True,5028.2954
1,2,2014-05-06,5055,585,1,1,2014,5,6,19,0,0,0,True,True,5217.31
1,1,2014-05-05,5325,615,1,1,2014,5,5,19,0,0,0,True,True,5566.407
1,7,2014-05-04,0,0,0,0,2014,5,4,18,1,0,0,True,True,0.0
1,6,2014-05-03,5498,633,1,0,2014,5,3,18,0,0,0,True,True,4876.1973
1,5,2014-05-02,6790,732,1,1,2014,5,2,18,0,0,1,True,True,6210.6675
1,4,2014-05-01,0,0,0,1,2014,5,1,18,0,0,0,True,True,0.0
1,3,2014-04-30,5870,624,1,1,2014,4,30,18,0,0,1,True,True,6115.4263
1,2,2014-04-29,5923,628,1,1,2014,4,29,18,0,0,1,True,True,6133.2075
1,1,2014-04-28,5488,607,1,1,2014,4,28,18,0,0,0,True,True,5546.695
1,7,2014-04-27,0,0,0,0,2014,4,27,17,0,0,0,True,True,0.0
1,6,2014-04-26,3989,535,1,0,2014,4,26,17,0,0,0,True,True,4371.841
1,5,2014-04-25,3710,468,1,0,2014,4,25,17,0,0,0,True,True,3845.8616
1,4,2014-04-24,3376,461,1,0,2014,4,24,17,0,1,0,True,True,3422.5713
1,3,2014-04-23,3482,434,1,0,2014,4,23,17,1,1,0,True,True,3723.0913
1,2,2014-04-22,4133,563,1,0,2014,4,22,17,0,0,0,True,True,3506.9214
1,1,2014-04-21,0,0,0,0,2014,4,21,17,0,0,0,True,True,0.0
1,7,2014-04-20,0,0,0,0,2014,4,20,16,0,0,0,True,True,0.0
1,6,2014-04-19,5871,642,1,0,2014,4,19,16,0,0,1,True,True,5972.3486
1,5,2014-04-18,0,0,0,1,2014,4,18,16,1,0,0,True,True,0.0
1,4,2014-04-17,6160,703,1,1,2014,4,17,16,0,0,1,True,True,5919.1377
1,3,2014-04-16,6381,662,1,1,2014,4,16,16,1,0,1,True,True,6091.169
1,2,2014-04-15,6196,672,1,1,2014,4,15,16,0,0,1,True,True,5986.856
1,1,2014-04-14,6803,693,1,1,2014,4,14,16,0,0,1,True,True,6228.97
1,7,2014-04-13,0,0,0,0,2014,4,13,15,0,0,0,True,True,0.0
1,6,2014-04-12,4435,570,1,0,2014,4,12,15,1,0,0,True,True,4797.69
1,5,2014-04-11,3733,507,1,0,2014,4,11,15,0,0,0,True,True,4179.405
1,4,2014-04-10,3948,501,1,0,2014,4,10,15,0,0,0,True,True,3723.688
1,3,2014-04-09,3919,528,1,0,2014,4,9,15,1,0,0,True,True,3818.184
1,2,2014-04-08,3990,496,1,0,2014,4,8,15,0,0,0,True,True,3808.038
1,1,2014-04-07,3751,497,1,0,2014,4,7,15,0,0,0,True,True,3933.038
1,7,2014-04-06,0,0,0,0,2014,4,6,14,0,0,0,True,True,0.0
1,6,2014-04-05,4599,571,1,0,2014,4,5,14,0,0,0,True,True,4840.3994
1,5,2014-04-04,4738,552,1,1,2014,4,4,14,0,0,0,True,True,4927.866
1,4,2014-04-03,4556,526,1,1,2014,4,3,14,0,0,0,True,True,4789.8594
1,3,2014-04-02,4834,539,1,1,2014,4,2,14,1,0,0,True,True,4976.091
1,2,2014-04-01,5407,583,1,1,2014,4,1,14,0,0,0,True,True,5166.863
1,1,2014-03-31,6008,640,1,1,2014,3,31,14,0,0,1,True,True,6392.9185
1,7,2014-03-30,0,0,0,0,2014,3,30,13,1,0,0,True,True,0.0
1,6,2014-03-29,4583,548,1,0,2014,3,29,13,0,0,0,True,True,4800.7935
1,5,2014-03-28,3987,471,1,0,2014,3,28,13,0,0,0,True,True,4239.6753
1,4,2014-03-27,3847,512,1,0,2014,3,27,13,0,0,0,True,True,3783.9573
1,3,2014-03-26,3225,443,1,0,2014,3,26,13,0,1,0,True,True,3830.2463
1,2,2014-03-25,3136,448,1,0,2014,3,25,13,0,1,0,True,True,3782.803
1,1,2014-03-24,3850,511,1,0,2014,3,24,13,0,0,0,True,True,3907.803
1,7,2014-03-23,0,0,0,0,2014,3,23,12,0,0,0,True,True,0.0
1,6,2014-03-22,5241,628,1,0,2014,3,22,12,0,0,0,True,True,4781.1772
1,5,2014-03-21,4510,542,1,1,2014,3,21,12,0,0,0,True,True,4800.017
1,4,2014-03-20,4023,485,1,1,2014,3,20,12,1,0,0,True,True,4699.9824
1,3,2014-03-19,4036,496,1,1,2014,3,19,12,1,0,0,True,True,4837.439
1,2,2014-03-18,5200,635,1,1,2014,3,18,12,0,0,0,True,True,4988.4814
1,1,2014-03-17,5563,628,1,1,2014,3,17,12,0,0,0,True,True,5254.0938
1,7,2014-03-16,0,0,0,0,2014,3,16,11,0,0,0,True,True,0.0
1,6,2014-03-15,5042,630,1,0,2014,3,15,11,0,0,0,True,True,4808.3296
1,5,2014-03-14,3883,502,1,0,2014,3,14,11,0,0,0,True,True,4277.293
1,4,2014-03-13,3224,450,1,0,2014,3,13,11,0,1,0,True,True,3821.5757
1,3,2014-03-12,3805,499,1,0,2014,3,12,11,1,0,0,True,True,3905.837
1,2,2014-03-11,3588,476,1,0,2014,3,11,11,0,1,0,True,True,3805.0396
1,1,2014-03-10,3573,469,1,0,2014,3,10,11,1,1,0,True,True,3897.4478
1,7,2014-03-09,0,0,0,0,2014,3,9,10,0,0,0,True,True,0.0
1,6,2014-03-08,4400,550,1,0,2014,3,8,10,0,0,0,True,True,4922.896
1,5,2014-03-07,5340,588,1,1,2014,3,7,10,0,0,0,True,True,4997.3076
1,4,2014-03-06,4585,542,1,1,2014,3,6,10,1,0,0,True,True,4813.3267
1,3,2014-03-05,4916,592,1,1,2014,3,5,10,0,0,0,True,True,4907.607
1,2,2014-03-04,5397,619,1,1,2014,3,4,10,0,0,0,True,True,5071.9614
1,1,2014-03-03,6198,616,1,1,2014,3,3,10,0,0,1,True,True,6349.3745
1,7,2014-03-02,0,0,0,0,2014,3,2,9,0,0,0,True,True,0.0
1,6,2014-03-01,5307,655,1,0,2014,3,1,9,0,0,0,True,True,4974.3867
1,5,2014-02-28,5031,603,1,0,2014,2,28,9,1,0,0,True,True,4596.83
1,4,2014-02-27,3826,519,1,0,2014,2,27,9,0,0,0,True,True,3933.8196
1,3,2014-02-26,4108,491,1,0,2014,2,26,9,0,0,0,True,True,3893.2805
1,2,2014-02-25,3499,470,1,0,2014,2,25,9,0,1,0,True,True,3790.6094
1,1,2014-02-24,3826,481,1,0,2014,2,24,9,1,0,0,True,True,3785.7776
1,7,2014-02-23,0,0,0,0,2014,2,23,8,0,0,0,True,True,0.0
1,6,2014-02-22,4820,623,1,0,2014,2,22,8,0,0,0,True,True,4920.1265
1,5,2014-02-21,4727,550,1,1,2014,2,21,8,0,0,0,True,True,4939.155
1,4,2014-02-20,4563,559,1,1,2014,2,20,8,0,0,0,True,True,4759.667
1,3,2014-02-19,4935,547,1,1,2014,2,19,8,0,0,0,True,True,4798.056
1,2,2014-02-18,4602,556,1,1,2014,2,18,8,0,0,0,True,True,4931.8433
1,1,2014-02-17,5393,606,1,1,2014,2,17,8,0,0,0,True,True,5061.3125
1,7,2014-02-16,0,0,0,0,2014,2,16,7,0,0,0,True,True,0.0
1,6,2014-02-15,5258,655,1,0,2014,2,15,7,1,0,0,True,True,5085.8413
1,5,2014-02-14,4647,591,1,0,2014,2,14,7,1,0,0,True,True,4512.677
1,4,2014-02-13,3638,517,1,0,2014,2,13,7,0,1,0,True,True,3861.9978
1,3,2014-02-12,3662,508,1,0,2014,2,12,7,0,1,0,True,True,3809.2195
1,2,2014-02-11,3461,481,1,0,2014,2,11,7,1,1,0,True,True,3696.8154
1,1,2014-02-10,3591,502,1,0,2014,2,10,7,0,1,0,True,True,3734.4424
1,7,2014-02-09,0,0,0,0,2014,2,9,6,0,0,0,True,True,0.0
1,6,2014-02-08,4726,620,1,0,2014,2,8,6,0,0,0,True,True,5037.8765
1,5,2014-02-07,5596,636,1,1,2014,2,7,6,0,0,0,True,True,5056.905
1,4,2014-02-06,4823,557,1,1,2014,2,6,6,1,0,0,True,True,4910.2217
1,3,2014-02-05,5031,581,1,1,2014,2,5,6,0,0,0,True,True,4836.675
1,2,2014-02-04,5540,602,1,1,2014,2,4,6,0,0,0,True,True,4985.7275
1,1,2014-02-03,5839,638,1,1,2014,2,3,6,0,0,1,True,True,6090.1465
1,7,2014-02-02,0,0,0,0,2014,2,2,5,0,0,0,True,True,0.0
1,6,2014-02-01,5292,667,1,0,2014,2,1,5,0,0,0,True,True,5084.273
1,5,2014-01-31,4906,589,1,0,2014,1,31,5,0,0,0,True,True,4537.156
1,4,2014-01-30,4549,543,1,0,2014,1,30,5,0,0,0,True,True,3960.8252
1,3,2014-01-29,3789,491,1,0,2014,1,29,5,0,0,0,True,True,3908.0469
1,2,2014-01-28,3581,453,1,0,2014,1,28,5,0,1,0,True,True,3820.6418
1,1,2014-01-27,3601,517,1,0,2014,1,27,5,0,1,0,True,True,3802.14
1,7,2014-01-26,0,0,0,0,2014,1,26,4,0,0,0,True,True,0.0
1,6,2014-01-25,4546,561,1,0,2014,1,25,4,0,0,0,True,True,4992.5986
1,5,2014-01-24,5098,587,1,1,2014,1,24,4,0,0,0,True,True,4882.97
1,4,2014-01-23,4597,525,1,1,2014,1,23,4,0,0,0,True,True,4700.692
1,3,2014-01-22,4562,549,1,1,2014,1,22,4,0,0,0,True,True,4739.081
1,2,2014-01-21,5151,551,1,1,2014,1,21,4,0,0,0,True,True,4976.052
1,1,2014-01-20,6148,653,1,1,2014,1,20,4,0,0,1,True,True,6097.035
1,7,2014-01-19,0,0,0,0,2014,1,19,3,0,0,0,True,True,0.0
1,6,2014-01-18,5128,630,1,0,2014,1,18,3,0,0,0,True,True,4819.501
1,5,2014-01-17,3803,479,1,0,2014,1,17,3,0,0,0,True,True,4109.3325
1,4,2014-01-16,3632,477,1,0,2014,1,16,3,0,1,0,True,True,3609.3435
1,3,2014-01-15,3776,486,1,0,2014,1,15,3,0,0,0,True,True,3763.3076
1,2,2014-01-14,3621,464,1,0,2014,1,14,3,0,1,0,True,True,3763.82
1,1,2014-01-13,3994,545,1,0,2014,1,13,3,0,0,0,True,True,4012.2354
1,7,2014-01-12,0,0,0,0,2014,1,12,2,0,0,0,True,True,0.0
1,6,2014-01-11,4454,569,1,0,2014,1,11,2,0,0,0,True,True,4750.366
1,5,2014-01-10,4486,559,1,1,2014,1,10,2,0,0,0,True,True,4663.018
1,4,2014-01-09,4396,539,1,1,2014,1,9,2,1,0,0,True,True,4722.6484
1,3,2014-01-08,4931,589,1,1,2014,1,8,2,0,0,0,True,True,4830.4316
1,2,2014-01-07,5539,607,1,1,2014,1,7,2,0,0,0,True,True,5031.9766
1,1,2014-01-06,6194,649,1,1,2014,1,6,2,0,0,1,True,True,6301.0386
1,7,2014-01-05,0,0,0,0,2014,1,5,1,0,0,0,True,True,0.0
1,6,2014-01-04,5173,660,1,0,2014,1,4,1,0,0,0,True,True,5170.288
1,5,2014-01-03,4190,552,1,0,2014,1,3,1,0,0,0,True,True,4767.8394
1,4,2014-01-02,4969,618,1,0,2014,1,2,1,1,0,0,True,True,4572.4185
1,3,2014-01-01,0,0,0,0,2014,1,1,1,0,0,0,True,True,0.0
1,2,2013-12-31,2362,298,1,0,2013,12,31,1,1,1,0,True,True,2801.6204
1,1,2013-12-30,7193,796,1,0,2013,12,30,1,0,0,1,True,True,6742.719
1,7,2013-12-29,0,0,0,0,2013,12,29,52,0,0,0,True,True,0.0
1,6,2013-12-28,5659,716,1,0,2013,12,28,52,0,0,0,True,True,5016.7925
1,5,2013-12-27,6110,737,1,0,2013,12,27,52,1,0,1,True,True,5996.8853
1,4,2013-12-26,0,0,0,0,2013,12,26,52,0,0,0,True,True,0.0
1,3,2013-12-25,0,0,0,0,2013,12,25,52,0,0,0,True,True,0.0
1,2,2013-12-24,3204,385,1,0,2013,12,24,52,0,1,0,True,True,3834.3262
1,1,2013-12-23,9528,1130,1,0,2013,12,23,52,0,0,1,True,True,8490.879
1,7,2013-12-22,0,0,0,0,2013,12,22,51,0,0,0,True,True,0.0
1,6,2013-12-21,8043,927,1,0,2013,12,21,51,0,0,1,True,True,7762.9775
1,5,2013-12-20,8414,895,1,1,2013,12,20,51,0,0,1,True,True,7377.9126
1,4,2013-12-19,6788,782,1,1,2013,12,19,51,0,0,1,True,True,7277.8545
1,3,2013-12-18,7821,828,1,1,2013,12,18,51,0,0,1,True,True,7252.7515
1,2,2013-12-17,7356,808,1,1,2013,12,17,51,0,0,1,True,True,7351.416
1,1,2013-12-16,8277,825,1,1,2013,12,16,51,0,0,1,True,True,7957.8735
1,7,2013-12-15,0,0,0,0,2013,12,15,50,0,0,0,True,True,0.0
1,6,2013-12-14,6119,743,1,0,2013,12,14,50,0,0,1,True,True,6899.222
1,5,2013-12-13,4703,594,1,0,2013,12,13,50,0,0,0,True,True,5118.4863
1,4,2013-12-12,4074,558,1,0,2013,12,12,50,0,0,0,True,True,4504.0903
1,3,2013-12-11,4301,543,1,0,2013,12,11,50,0,0,0,True,True,4346.0713
1,2,2013-12-10,4228,581,1,0,2013,12,10,50,0,0,0,True,True,4345.609
1,1,2013-12-09,4462,576,1,0,2013,12,9,50,0,0,0,True,True,4545.384
1,7,2013-12-08,0,0,0,0,2013,12,8,49,0,0,0,True,True,0.0
1,6,2013-12-07,5799,723,1,0,2013,12,7,49,0,0,0,True,True,5547.5825
1,5,2013-12-06,6112,673,1,1,2013,12,6,49,0,0,1,True,True,6508.9976
1,4,2013-12-05,5691,685,1,1,2013,12,5,49,0,0,0,True,True,5170.6235
1,3,2013-12-04,5688,627,1,1,2013,12,4,49,0,0,0,True,True,5124.2627
1,2,2013-12-03,6293,658,1,1,2013,12,3,49,0,0,1,True,True,6383.374
1,1,2013-12-02,6943,754,1,1,2013,12,2,49,0,0,1,True,True,6844.077
1,7,2013-12-01,0,0,0,0,2013,12,1,48,0,0,0,True,True,0.0
1,6,2013-11-30,6373,730,1,0,2013,11,30,48,0,0,1,True,True,6527.31
1,5,2013-11-29,5623,665,1,0,2013,11,29,48,0,0,0,True,True,5130.9
1,4,2013-11-28,4614,585,1,0,2013,11,28,48,0,0,0,True,True,4516.504
1,3,2013-11-27,4561,530,1,0,2013,11,27,48,0,0,0,True,True,4451.8604
1,2,2013-11-26,4201,524,1,0,2013,11,26,48,0,0,0,True,True,4451.398
1,1,2013-11-25,4600,575,1,0,2013,11,25,48,0,0,0,True,True,4466.5566
1,7,2013-11-24,0,0,0,0,2013,11,24,47,0,0,0,True,True,0.0
1,6,2013-11-23,5297,614,1,0,2013,11,23,47,1,0,0,True,True,5071.061
1,5,2013-11-22,5058,581,1,1,2013,11,22,47,0,0,0,True,True,5069.441
1,4,2013-11-21,4623,545,1,1,2013,11,21,47,0,0,0,True,True,4813.4478
1,3,2013-11-20,4936,586,1,1,2013,11,20,47,0,0,0,True,True,4860.4624
1,2,2013-11-19,5143,583,1,1,2013,11,19,47,0,0,0,True,True,5031.2334
1,1,2013-11-18,5927,681,1,1,2013,11,18,47,0,0,1,True,True,6016.798
1,7,2013-11-17,0,0,0,0,2013,11,17,46,0,0,0,True,True,0.0
1,6,2013-11-16,5071,616,1,0,2013,11,16,46,0,0,0,True,True,4938.994
1,5,2013-11-15,4016,504,1,0,2013,11,15,46,0,0,0,True,True,4484.3145
1,4,2013-11-14,3795,502,1,0,2013,11,14,46,0,0,0,True,True,3942.657
1,3,2013-11-13,3310,464,1,0,2013,11,13,46,0,1,0,True,True,3905.9563
1,2,2013-11-12,4017,507,1,0,2013,11,12,46,0,0,0,True,True,3905.4941
1,1,2013-11-11,4014,519,1,0,2013,11,11,46,0,0,0,True,True,4028.7234
1,7,2013-11-10,0,0,0,0,2013,11,10,45,0,0,0,True,True,0.0
1,6,2013-11-09,4681,582,1,0,2013,11,9,45,0,0,0,True,True,5023.459
1,5,2013-11-08,5242,583,1,1,2013,11,8,45,0,0,0,True,True,5073.194
1,4,2013-11-07,5009,575,1,1,2013,11,7,45,0,0,0,True,True,4817.2007
1,3,2013-11-06,5572,611,1,1,2013,11,6,45,0,0,0,True,True,4892.158
1,2,2013-11-05,5348,628,1,1,2013,11,5,45,0,0,0,True,True,5024.6475
1,1,2013-11-04,5861,620,1,1,2013,11,4,45,0,0,1,True,True,6028.1846
1,7,2013-11-03,0,0,0,0,2013,11,3,44,0,0,0,True,True,0.0
1,6,2013-11-02,5233,653,1,0,2013,11,2,44,0,0,0,True,True,5111.9385
1,5,2013-11-01,5471,707,1,0,2013,11,1,44,0,0,0,True,True,4719.556
1,4,2013-10-31,4035,514,1,0,2013,10,31,44,0,0,0,True,True,3831.4326
1,3,2013-10-30,4119,496,1,0,2013,10,30,44,0,0,0,True,True,3836.9558
1,2,2013-10-29,3737,479,1,0,2013,10,29,44,0,0,0,True,True,3798.212
1,1,2013-10-28,3557,494,1,0,2013,10,28,44,0,1,0,True,True,3910.426
1,7,2013-10-27,0,0,0,0,2013,10,27,43,0,0,0,True,True,0.0
1,6,2013-10-26,4347,535,1,0,2013,10,26,43,0,0,0,True,True,4329.575
1,5,2013-10-25,4573,576,1,1,2013,10,25,43,0,0,0,True,True,4409.196
1,4,2013-10-24,4044,498,1,1,2013,10,24,43,0,0,0,True,True,4412.9185
1,3,2013-10-23,4612,505,1,1,2013,10,23,43,0,0,0,True,True,4487.876
1,2,2013-10-22,4068,504,1,1,2013,10,22,43,0,0,0,True,True,4664.656
1,1,2013-10-21,5055,571,1,1,2013,10,21,43,0,0,0,True,True,4936.59
1,7,2013-10-20,0,0,0,0,2013,10,20,42,0,0,0,True,True,0.0
1,6,2013-10-19,3667,479,1,0,2013,10,19,42,0,1,0,True,True,4312.4844
1,5,2013-10-18,3566,490,1,0,2013,10,18,42,0,1,0,True,True,3886.7664
1,4,2013-10-17,3223,446,1,0,2013,10,17,42,0,1,0,True,True,3604.8262
1,3,2013-10-16,3383,452,1,0,2013,10,16,42,0,1,0,True,True,3622.0142
1,2,2013-10-15,3355,457,1,0,2013,10,15,42,0,1,0,True,True,3627.5613
1,1,2013-10-14,3773,478,1,0,2013,10,14,42,0,0,0,True,True,3758.8833
1,7,2013-10-13,0,0,0,0,2013,10,13,41,0,0,0,True,True,0.0
1,6,2013-10-12,4954,608,1,0,2013,10,12,41,0,0,0,True,True,4804.015
1,5,2013-10-11,5896,670,1,1,2013,10,11,41,0,0,1,True,True,6011.9854
1,4,2013-10-10,5286,596,1,1,2013,10,10,41,0,0,0,True,True,4923.753
1,3,2013-10-09,4957,596,1,1,2013,10,9,41,0,0,0,True,True,4974.595
1,2,2013-10-08,5452,592,1,1,2013,10,8,41,1,0,0,True,True,5102.071
1,1,2013-10-07,6004,626,1,1,2013,10,7,41,0,0,1,True,True,6151.495
1,7,2013-10-06,0,0,0,0,2013,10,6,40,0,0,0,True,True,0.0
1,6,2013-10-05,5352,662,1,0,2013,10,5,40,0,0,0,True,True,4841.811
1,5,2013-10-04,5447,619,1,0,2013,10,4,40,0,0,0,True,True,4428.892
1,4,2013-10-03,0,0,0,0,2013,10,3,40,0,0,0,True,True,0.0
1,3,2013-10-02,4001,509,1,0,2013,10,2,40,0,0,0,True,True,4128.36
1,2,2013-10-01,4178,508,1,0,2013,10,1,40,0,0,0,True,True,4133.9067
1,1,2013-09-30,4088,516,1,0,2013,9,30,40,0,0,0,True,True,4203.6646
1,7,2013-09-29,0,0,0,0,2013,9,29,39,0,0,0,True,True,0.0
1,6,2013-09-28,4175,538,1,0,2013,9,28,39,0,0,0,True,True,4285.6035
1,5,2013-09-27,4669,548,1,1,2013,9,27,39,0,0,0,True,True,4439.328
1,4,2013-09-26,4481,537,1,1,2013,9,26,39,0,0,0,True,True,4443.051
1,3,2013-09-25,4212,500,1,1,2013,9,25,39,0,0,0,True,True,4540.0107
1,2,2013-09-24,4274,492,1,1,2013,9,24,39,1,0,0,True,True,4658.6875
1,1,2013-09-23,4770,542,1,1,2013,9,23,39,0,0,0,True,True,5000.9595
1,7,2013-09-22,0,0,0,0,2013,9,22,38,0,0,0,True,True,0.0
1,6,2013-09-21,3909,522,1,0,2013,9,21,38,1,0,0,True,True,4164.552
1,5,2013-09-20,3516,494,1,0,2013,9,20,38,0,1,0,True,True,3872.6846
1,4,2013-09-19,3717,469,1,0,2013,9,19,38,0,0,0,True,True,3602.9124
1,3,2013-09-18,3946,507,1,0,2013,9,18,38,0,0,0,True,True,3630.4382
1,2,2013-09-17,3685,502,1,0,2013,9,17,38,0,1,0,True,True,3648.2202
1,1,2013-09-16,4249,568,1,0,2013,9,16,38,0,0,0,True,True,3779.5422
1,7,2013-09-15,0,0,0,0,2013,9,15,37,1,0,0,True,True,0.0
1,6,2013-09-14,4663,619,1,0,2013,9,14,37,0,0,0,True,True,4369.591
1,5,2013-09-13,5187,559,1,1,2013,9,13,37,0,0,0,True,True,4733.37
1,4,2013-09-12,5079,586,1,1,2013,9,12,37,0,0,0,True,True,4737.093
1,3,2013-09-11,5103,580,1,1,2013,9,11,37,0,0,0,True,True,4846.292
1,2,2013-09-10,5403,599,1,1,2013,9,10,37,0,0,0,True,True,5035.3066
1,1,2013-09-09,5893,601,1,1,2013,9,9,37,0,0,1,True,True,6190.307
1,7,2013-09-08,0,0,0,0,2013,9,8,36,0,0,0,True,True,0.0
1,6,2013-09-07,4663,555,1,0,2013,9,7,36,0,0,0,True,True,4426.2393
1,5,2013-09-06,3836,466,1,0,2013,9,6,36,0,0,0,True,True,4013.3206
1,4,2013-09-05,3883,465,1,0,2013,9,5,36,0,0,0,True,True,3743.548
1,3,2013-09-04,3343,444,1,0,2013,9,4,36,0,1,0,True,True,3783.3135
1,2,2013-09-03,3928,507,1,0,2013,9,3,36,0,0,0,True,True,3801.0955
1,1,2013-09-02,4195,496,1,0,2013,9,2,36,0,0,0,True,True,3973.647
1,7,2013-09-01,0,0,0,0,2013,9,1,35,0,0,0,True,True,0.0
1,6,2013-08-31,5317,598,1,0,2013,8,31,35,0,0,0,True,True,4462.713
1,5,2013-08-30,5469,612,1,1,2013,8,30,35,0,0,0,True,True,4808.4814
1,4,2013-08-29,4804,534,1,1,2013,8,29,35,0,0,0,True,True,4812.204
1,3,2013-08-28,4583,507,1,1,2013,8,28,35,0,0,0,True,True,4884.9297
1,2,2013-08-27,5156,556,1,1,2013,8,27,35,0,0,0,True,True,5073.9443
1,1,2013-08-26,5482,613,1,1,2013,8,26,35,0,0,0,True,True,5387.108
1,7,2013-08-25,0,0,0,0,2013,8,25,34,1,0,0,True,True,0.0
1,6,2013-08-24,4752,601,1,0,2013,8,24,34,0,0,0,True,True,4322.8228
1,5,2013-08-23,3493,445,1,0,2013,8,23,34,0,1,0,True,True,3909.9036
1,4,2013-08-22,3703,498,1,0,2013,8,22,34,0,1,0,True,True,3640.131
1,3,2013-08-21,3096,441,1,0,2013,8,21,34,0,1,0,True,True,3741.4932
1,2,2013-08-20,3492,475,1,0,2013,8,20,34,0,1,0,True,True,3759.2751
1,1,2013-08-19,3954,513,1,0,2013,8,19,34,0,0,0,True,True,3931.8267
1,7,2013-08-18,0,0,0,0,2013,8,18,33,0,0,0,True,True,0.0
1,6,2013-08-17,4078,503,1,0,2013,8,17,33,0,0,0,True,True,4309.9014
1,5,2013-08-16,4552,527,1,1,2013,8,16,33,0,0,0,True,True,4655.67
1,4,2013-08-15,4575,538,1,1,2013,8,15,33,1,0,0,True,True,4566.8687
1,3,2013-08-14,4724,574,1,1,2013,8,14,33,0,0,0,True,True,4867.632
1,2,2013-08-13,5299,573,1,1,2013,8,13,33,1,0,0,True,True,4986.3086
1,1,2013-08-12,5326,600,1,1,2013,8,12,33,0,0,0,True,True,5369.81
1,7,2013-08-11,0,0,0,0,2013,8,11,32,0,0,0,True,True,0.0
1,6,2013-08-10,3768,457,1,0,2013,8,10,32,1,0,0,True,True,4188.8496
1,5,2013-08-09,3257,418,1,0,2013,8,9,32,0,1,0,True,True,3896.9824
1,4,2013-08-08,3680,466,1,0,2013,8,8,32,0,1,0,True,True,3662.1099
1,3,2013-08-07,4143,512,1,0,2013,8,7,32,0,0,0,True,True,3787.9937
1,2,2013-08-06,3582,477,1,0,2013,8,6,32,0,1,0,True,True,3805.7756
1,1,2013-08-05,4086,522,1,0,2013,8,5,32,0,0,0,True,True,3978.3271
1,7,2013-08-04,0,0,0,0,2013,8,4,31,0,0,0,True,True,0.0
1,6,2013-08-03,4461,553,1,0,2013,8,3,31,0,0,0,True,True,4363.049
1,5,2013-08-02,4494,562,1,1,2013,8,2,31,0,0,0,True,True,4754.775
1,4,2013-08-01,4994,555,1,1,2013,8,1,31,0,0,0,True,True,4830.1465
1,3,2013-07-31,5572,624,1,1,2013,7,31,31,0,0,0,True,True,5048.0576
1,2,2013-07-30,5773,630,1,1,2013,7,30,31,0,0,0,True,True,5237.0723
1,1,2013-07-29,6290,630,1,1,2013,7,29,31,0,0,1,True,True,6389.143
1,7,2013-07-28,0,0,0,0,2013,7,28,30,0,0,0,True,True,0.0
1,6,2013-07-27,3352,456,1,0,2013,7,27,30,0,1,0,True,True,4328.5825
1,5,2013-07-26,4221,516,1,0,2013,7,26,30,0,0,0,True,True,3945.3298
1,4,2013-07-25,3502,451,1,0,2013,7,25,30,0,1,0,True,True,3747.2058
1,3,2013-07-24,3849,453,1,0,2013,7,24,30,0,0,0,True,True,3873.0896
1,2,2013-07-23,3937,497,1,0,2013,7,23,30,0,0,0,True,True,3890.8716
1,1,2013-07-22,4149,493,1,0,2013,7,22,30,0,0,0,True,True,4098.6587
1,7,2013-07-21,0,0,0,0,2013,7,21,29,0,0,0,True,True,0.0
1,6,2013-07-20,4421,544,1,0,2013,7,20,29,0,0,0,True,True,4328.5825
1,5,2013-07-19,4275,495,1,1,2013,7,19,29,0,0,0,True,True,4739.2334
1,4,2013-07-18,4904,533,1,1,2013,7,18,29,0,0,0,True,True,4814.605
1,3,2013-07-17,4946,544,1,1,2013,7,17,29,0,0,0,True,True,5009.923
1,2,2013-07-16,5643,582,1,1,2013,7,16,29,0,0,0,True,True,5198.9375
1,1,2013-07-15,6377,657,1,1,2013,7,15,29,0,0,1,True,True,6430.4033
1,7,2013-07-14,0,0,0,0,2013,7,14,28,0,0,0,True,True,0.0
1,6,2013-07-13,4015,490,1,0,2013,7,13,28,1,0,0,True,True,4368.5146
1,5,2013-07-12,4134,514,1,0,2013,7,12,28,0,0,0,True,True,4023.3948
1,4,2013-07-11,4053,486,1,0,2013,7,11,28,0,0,0,True,True,3825.2708
1,3,2013-07-10,3963,496,1,0,2013,7,10,28,1,0,0,True,True,3861.6555
1,2,2013-07-09,4047,503,1,0,2013,7,9,28,0,0,0,True,True,3909.6208
1,1,2013-07-08,4475,523,1,0,2013,7,8,28,0,0,0,True,True,4117.408
1,7,2013-07-07,0,0,0,0,2013,7,7,27,0,0,0,True,True,0.0
1,6,2013-07-06,4090,498,1,0,2013,7,6,27,0,0,0,True,True,4469.5596
1,5,2013-07-05,4986,603,1,1,2013,7,5,27,0,0,0,True,True,4817.2983
1,4,2013-07-04,5701,634,1,1,2013,7,4,27,0,0,0,True,True,4892.67
1,3,2013-07-03,5875,634,1,1,2013,7,3,27,0,0,1,True,True,6206.073
1,2,2013-07-02,5868,614,1,1,2013,7,2,27,0,0,1,True,True,6223.8545
1,1,2013-07-01,5614,614,1,1,2013,7,1,27,0,0,0,True,True,5566.086
1,7,2013-06-30,0,0,0,0,2013,6,30,26,0,0,0,True,True,0.0
1,6,2013-06-29,5804,671,1,0,2013,6,29,26,0,0,0,True,True,4661.1094
1,5,2013-06-28,4407,568,1,0,2013,6,28,26,0,0,0,True,True,4191.2134
1,4,2013-06-27,3593,464,1,0,2013,6,27,26,0,1,0,True,True,3886.5964
1,3,2013-06-26,3827,508,1,0,2013,6,26,26,0,0,0,True,True,3953.1646
1,2,2013-06-25,4536,528,1,0,2013,6,25,26,0,0,0,True,True,3970.9465
1,1,2013-06-24,3549,494,1,0,2013,6,24,26,0,1,0,True,True,4158.931
1,7,2013-06-23,0,0,0,0,2013,6,23,25,0,0,0,True,True,0.0
1,6,2013-06-22,4341,512,1,0,2013,6,22,25,0,0,0,True,True,4647.191
1,5,2013-06-21,5173,542,1,1,2013,6,21,25,0,0,0,True,True,4949.95
1,4,2013-06-20,5011,539,1,1,2013,6,20,25,0,0,0,True,True,4918.8286
1,3,2013-06-19,4180,517,1,1,2013,6,19,25,0,0,0,True,True,4994.619
1,2,2013-06-18,4633,554,1,1,2013,6,18,25,0,0,0,True,True,5183.634
1,1,2013-06-17,5337,585,1,1,2013,6,17,25,0,0,0,True,True,5512.2314
1,7,2013-06-16,0,0,0,0,2013,6,16,24,0,0,0,True,True,0.0
1,6,2013-06-15,4766,567,1,0,2013,6,15,24,0,0,0,True,True,4655.9155
1,5,2013-06-14,4150,529,1,0,2013,6,14,24,0,0,0,True,True,4186.0195
1,4,2013-06-13,3661,461,1,0,2013,6,13,24,0,1,0,True,True,3881.4026
1,3,2013-06-12,3563,476,1,0,2013,6,12,24,0,1,0,True,True,3947.9707
1,2,2013-06-11,3784,500,1,0,2013,6,11,24,0,0,0,True,True,3965.7527
1,1,2013-06-10,4291,531,1,0,2013,6,10,24,0,0,0,True,True,4153.7373
1,7,2013-06-09,0,0,0,0,2013,6,9,23,0,0,0,True,True,0.0
1,6,2013-06-08,4262,511,1,0,2013,6,8,23,0,0,0,True,True,4908.902
1,5,2013-06-07,4315,541,1,1,2013,6,7,23,0,0,0,True,True,5171.6714
1,4,2013-06-06,4881,555,1,1,2013,6,6,23,1,0,0,True,True,5051.112
1,3,2013-06-05,5012,575,1,1,2013,6,5,23,0,0,0,True,True,5276.552
1,2,2013-06-04,5220,558,1,1,2013,6,4,23,0,0,0,True,True,5290.58
1,1,2013-06-03,5422,619,1,1,2013,6,3,23,0,0,0,True,True,5619.1777
1,7,2013-06-02,0,0,0,0,2013,6,2,22,1,0,0,True,True,0.0
1,6,2013-06-01,5693,662,1,0,2013,6,1,22,0,0,0,True,True,5243.8735
1,5,2013-05-31,7893,795,1,1,2013,5,31,22,0,0,1,True,True,6851.402
1,4,2013-05-30,0,0,0,1,2013,5,30,22,0,0,0,True,True,0.0
1,3,2013-05-29,5784,641,1,1,2013,5,29,22,0,0,0,True,True,5551.642
1,2,2013-05-28,4995,555,1,1,2013,5,28,22,0,0,0,True,True,5480.8657
1,1,2013-05-27,5519,606,1,1,2013,5,27,22,0,0,0,True,True,5749.0806
1,7,2013-05-26,0,0,0,0,2013,5,26,21,1,0,0,True,True,0.0
1,6,2013-05-25,4408,538,1,0,2013,5,25,21,0,0,0,True,True,4755.6523
1,5,2013-05-24,4232,534,1,0,2013,5,24,21,0,0,0,True,True,4285.7563
1,4,2013-05-23,4030,536,1,0,2013,5,23,21,1,0,0,True,True,3838.72
1,3,2013-05-22,3559,507,1,0,2013,5,22,21,0,1,0,True,True,3994.7263
1,2,2013-05-21,4789,602,1,0,2013,5,21,21,0,0,0,True,True,4049.5442
1,1,2013-05-20,0,0,0,0,2013,5,20,21,0,0,0,True,True,0.0
1,7,2013-05-19,0,0,0,0,2013,5,19,20,0,0,0,True,True,0.0
1,6,2013-05-18,4413,535,1,0,2013,5,18,20,0,0,0,True,True,4712.9233
1,5,2013-05-17,4856,597,1,1,2013,5,17,20,0,0,0,True,True,4845.974
1,4,2013-05-16,4448,544,1,1,2013,5,16,20,1,0,0,True,True,4716.6484
1,3,2013-05-15,4790,576,1,1,2013,5,15,20,1,0,0,True,True,4887.758
1,2,2013-05-14,5083,574,1,1,2013,5,14,20,0,0,0,True,True,5168.139
1,1,2013-05-13,6106,660,1,1,2013,5,13,20,0,0,1,True,True,6436.5747
1,7,2013-05-12,0,0,0,0,2013,5,12,19,1,0,0,True,True,0.0
1,6,2013-05-11,5064,640,1,0,2013,5,11,19,0,0,0,True,True,4991.587
1,5,2013-05-10,5409,644,1,0,2013,5,10,19,0,0,0,True,True,4521.691
1,4,2013-05-09,0,0,0,0,2013,5,9,19,1,0,0,True,True,0.0
1,3,2013-05-08,5230,631,1,0,2013,5,8,19,0,0,0,True,True,4230.66
1,2,2013-05-07,4624,540,1,0,2013,5,7,19,0,0,0,True,True,4248.442
1,1,2013-05-06,4568,562,1,0,2013,5,6,19,0,0,0,True,True,4473.66
1,7,2013-05-05,0,0,0,0,2013,5,5,18,0,0,0,True,True,0.0
1,6,2013-05-04,5912,813,1,0,2013,5,4,18,0,0,1,True,True,6193.89
1,5,2013-05-03,6027,658,1,1,2013,5,3,18,0,0,1,True,True,6276.8735
1,4,2013-05-02,6486,677,1,1,2013,5,2,18,0,0,1,True,True,6236.986
1,3,2013-05-01,0,0,0,1,2013,5,1,18,0,0,0,True,True,0.0
1,2,2013-04-30,5925,665,1,1,2013,4,30,18,0,0,1,True,True,6329.796
1,1,2013-04-29,5821,641,1,1,2013,4,29,18,0,0,0,True,True,5755.8853
1,7,2013-04-28,0,0,0,0,2013,4,28,17,0,0,0,True,True,0.0
1,6,2013-04-27,5726,650,1,0,2013,4,27,17,1,0,0,True,True,4815.082
1,5,2013-04-26,4841,572,1,1,2013,4,26,17,0,0,0,True,True,4691.307
1,4,2013-04-25,3939,532,1,1,2013,4,25,17,0,0,0,True,True,4617.3506
1,3,2013-04-24,4309,512,1,1,2013,4,24,17,0,0,0,True,True,4753.3525
1,2,2013-04-23,4492,560,1,1,2013,4,23,17,0,0,0,True,True,4942.367
1,1,2013-04-22,5672,623,1,1,2013,4,22,17,0,0,0,True,True,5426.358
1,7,2013-04-21,0,0,0,0,2013,4,21,16,0,0,0,True,True,0.0
1,6,2013-04-20,4350,546,1,0,2013,4,20,16,0,0,0,True,True,4558.2275
1,5,2013-04-19,4303,526,1,0,2013,4,19,16,0,0,0,True,True,4036.0469
1,4,2013-04-18,2952,432,1,0,2013,4,18,16,0,1,0,True,True,3631.6199
1,3,2013-04-17,3649,500,1,0,2013,4,17,16,0,1,0,True,True,3698.188
1,2,2013-04-16,3357,453,1,0,2013,4,16,16,1,1,0,True,True,3740.3347
1,1,2013-04-15,3941,526,1,0,2013,4,15,16,0,0,0,True,True,3993.9639
1,7,2013-04-14,0,0,0,0,2013,4,14,15,0,0,0,True,True,0.0
1,6,2013-04-13,4773,608,1,0,2013,4,13,15,0,0,0,True,True,4790.919
1,5,2013-04-12,5263,614,1,1,2013,4,12,15,0,0,0,True,True,4941.346
1,4,2013-04-11,4366,541,1,1,2013,4,11,15,0,0,0,True,True,4834.9624
1,3,2013-04-10,4903,575,1,1,2013,4,10,15,0,0,0,True,True,4970.9644
1,2,2013-04-09,5514,594,1,1,2013,4,9,15,1,0,0,True,True,5090.1772
1,1,2013-04-08,6046,695,1,1,2013,4,8,15,0,0,1,True,True,6515.232
1,7,2013-04-07,0,0,0,0,2013,4,7,14,0,0,0,True,True,0.0
1,6,2013-04-06,5075,657,1,0,2013,4,6,14,0,0,0,True,True,5240.566
1,5,2013-04-05,4390,571,1,0,2013,4,5,14,1,0,0,True,True,4709.9624
1,4,2013-04-04,4293,566,1,0,2013,4,4,14,0,0,0,True,True,4274.5215
1,3,2013-04-03,4625,594,1,0,2013,4,3,14,0,0,0,True,True,4393.076
1,2,2013-04-02,5484,629,1,0,2013,4,2,14,0,0,0,True,True,4410.8574
1,1,2013-04-01,0,0,0,0,2013,4,1,14,0,0,0,True,True,0.0
1,7,2013-03-31,0,0,0,0,2013,3,31,13,0,0,0,True,True,0.0
1,6,2013-03-30,7132,773,1,0,2013,3,30,13,0,0,1,True,True,6737.5425
1,5,2013-03-29,0,0,0,1,2013,3,29,13,0,0,0,True,True,0.0
1,4,2013-03-28,7285,902,1,1,2013,3,28,13,0,0,1,True,True,6606.79
1,3,2013-03-27,6660,779,1,1,2013,3,27,13,0,0,1,True,True,6658.1816
1,2,2013-03-26,6686,747,1,1,2013,3,26,13,0,0,1,True,True,6675.963
1,1,2013-03-25,6729,777,1,1,2013,3,25,13,0,0,1,True,True,6871.8643
1,7,2013-03-24,0,0,0,0,2013,3,24,12,0,0,0,True,True,0.0
1,6,2013-03-23,5603,682,1,0,2013,3,23,12,0,0,0,True,True,5252.761
1,5,2013-03-22,5506,694,1,1,2013,3,22,12,0,0,0,True,True,5278.46
1,4,2013-03-21,5179,662,1,1,2013,3,21,12,0,0,0,True,True,5172.076
1,3,2013-03-20,5598,688,1,1,2013,3,20,12,0,0,0,True,True,5309.5327
1,2,2013-03-19,6563,719,1,1,2013,3,19,12,0,0,1,True,True,6598.4536
1,1,2013-03-18,7072,778,1,1,2013,3,18,12,0,0,1,True,True,6794.355
1,7,2013-03-17,0,0,0,0,2013,3,17,11,0,0,0,True,True,0.0
1,6,2013-03-16,5003,680,1,0,2013,3,16,11,0,0,0,True,True,5279.9136
1,5,2013-03-15,4925,677,1,0,2013,3,15,11,0,0,0,True,True,4768.0454
1,4,2013-03-14,5108,660,1,0,2013,3,14,11,1,0,0,True,True,4365.5483
1,3,2013-03-13,4341,622,1,0,2013,3,13,11,0,0,0,True,True,4390.2393
1,2,2013-03-12,3853,491,1,0,2013,3,12,11,0,0,0,True,True,4327.4136
1,1,2013-03-11,4949,618,1,0,2013,3,11,11,0,0,0,True,True,4505.804
1,7,2013-03-10,0,0,0,0,2013,3,10,10,0,0,0,True,True,0.0
1,6,2013-03-09,5578,734,1,0,2013,3,9,10,0,0,0,True,True,5313.5527
1,5,2013-03-08,5853,694,1,1,2013,3,8,10,0,0,1,True,True,6660.2017
1,4,2013-03-07,5637,702,1,1,2013,3,7,10,0,0,0,True,True,5234.6265
1,3,2013-03-06,5973,678,1,1,2013,3,6,10,0,0,1,True,True,6516.059
1,2,2013-03-05,6300,715,1,1,2013,3,5,10,0,0,1,True,True,6577.648
1,1,2013-03-04,7675,840,1,1,2013,3,4,10,0,0,1,True,True,6773.5493
1,7,2013-03-03,0,0,0,0,2013,3,3,9,0,0,0,True,True,0.0
1,6,2013-03-02,5350,678,1,0,2013,3,2,9,0,0,0,True,True,5322.615
1,5,2013-03-01,4611,584,1,0,2013,3,1,9,0,0,0,True,True,4810.747
1,4,2013-02-28,4676,581,1,0,2013,2,28,9,0,0,0,True,True,4332.8394
1,3,2013-02-27,4558,579,1,0,2013,2,27,9,0,0,0,True,True,4292.3
1,2,2013-02-26,3794,525,1,0,2013,2,26,9,0,0,0,True,True,4189.6284
1,1,2013-02-25,4038,534,1,0,2013,2,25,9,0,0,0,True,True,4259.7935
1,7,2013-02-24,0,0,0,0,2013,2,24,8,0,0,0,True,True,0.0
1,6,2013-02-23,5237,650,1,0,2013,2,23,8,0,0,0,True,True,5254.5117
1,5,2013-02-22,5000,599,1,1,2013,2,22,8,0,0,0,True,True,5310.292
1,4,2013-02-21,5261,629,1,1,2013,2,21,8,0,0,0,True,True,5162.4272
1,3,2013-02-20,5660,684,1,1,2013,2,20,8,0,0,0,True,True,5200.8164
1,2,2013-02-19,5386,608,1,1,2013,2,19,8,0,0,0,True,True,5334.6035
1,1,2013-02-18,6407,710,1,1,2013,2,18,8,0,0,1,True,True,6393.407
1,7,2013-02-17,0,0,0,0,2013,2,17,7,0,0,0,True,True,0.0
1,6,2013-02-16,6154,682,1,0,2013,2,16,7,0,0,1,True,True,6431.0854
1,5,2013-02-15,4809,607,1,0,2013,2,15,7,0,0,0,True,True,4742.6436
1,4,2013-02-14,4241,573,1,0,2013,2,14,7,0,0,0,True,True,4277.068
1,3,2013-02-13,4252,604,1,0,2013,2,13,7,0,0,0,True,True,4224.289
1,2,2013-02-12,4015,572,1,0,2013,2,12,7,0,0,0,True,True,4121.6177
1,1,2013-02-11,4409,599,1,0,2013,2,11,7,0,0,0,True,True,4230.234
1,7,2013-02-10,0,0,0,0,2013,2,10,6,0,0,0,True,True,0.0
1,6,2013-02-09,5370,656,1,0,2013,2,9,6,0,0,0,True,True,5372.2617
1,5,2013-02-08,5681,630,1,1,2013,2,8,6,0,0,0,True,True,5428.042
1,4,2013-02-07,5499,675,1,1,2013,2,7,6,0,0,0,True,True,5201.046
1,3,2013-02-06,6140,693,1,1,2013,2,6,6,0,0,1,True,True,6347.86
1,2,2013-02-05,6049,678,1,1,2013,2,5,6,0,0,1,True,True,6394.147
1,1,2013-02-04,7032,762,1,1,2013,2,4,6,0,0,1,True,True,6515.275
1,7,2013-02-03,0,0,0,0,2013,2,3,5,0,0,0,True,True,0.0
1,6,2013-02-02,5970,701,1,0,2013,2,2,5,0,0,1,True,True,6547.7666
1,5,2013-02-01,5633,658,1,0,2013,2,1,5,0,0,0,True,True,4906.79
1,4,2013-01-31,4709,571,1,0,2013,1,31,5,0,0,0,True,True,4375.8955
1,3,2013-01-30,4601,560,1,0,2013,1,30,5,0,0,0,True,True,4323.1167
1,2,2013-01-29,3725,522,1,0,2013,1,29,5,0,0,0,True,True,4235.711
1,1,2013-01-28,4055,549,1,0,2013,1,28,5,0,0,0,True,True,4297.9307
1,7,2013-01-27,0,0,0,0,2013,1,27,4,0,0,0,True,True,0.0
1,6,2013-01-26,5598,640,1,0,2013,1,26,4,0,0,0,True,True,5326.984
1,5,2013-01-25,5586,676,1,1,2013,1,25,4,1,0,0,True,True,5473.39
1,4,2013-01-24,5195,645,1,1,2013,1,24,4,0,0,0,True,True,5103.452
1,3,2013-01-23,5578,627,1,1,2013,1,23,4,0,0,0,True,True,5141.8413
1,2,2013-01-22,5720,667,1,1,2013,1,22,4,0,0,0,True,True,5378.812
1,1,2013-01-21,5394,607,1,1,2013,1,21,4,0,0,0,True,True,5605.5684
1,7,2013-01-20,0,0,0,0,2013,1,20,3,0,0,0,True,True,0.0
1,6,2013-01-19,5182,688,1,0,2013,1,19,3,0,0,0,True,True,5144.089
1,5,2013-01-18,4127,568,1,0,2013,1,18,3,0,0,0,True,True,4482.9824
1,4,2013-01-17,4044,503,1,0,2013,1,17,3,0,0,0,True,True,4014.6157
1,3,2013-01-16,4008,530,1,0,2013,1,16,3,0,0,0,True,True,4168.579
1,2,2013-01-15,3900,512,1,0,2013,1,15,3,0,0,0,True,True,4169.0913
1,1,2013-01-14,4717,616,1,0,2013,1,14,3,0,0,0,True,True,4498.2285
1,7,2013-01-13,0,0,0,0,2013,1,13,2,0,0,0,True,True,0.0
1,6,2013-01-12,4952,646,1,0,2013,1,12,2,0,0,0,True,True,5074.954
1,5,2013-01-11,4881,592,1,1,2013,1,11,2,0,0,0,True,True,4981.496
1,4,2013-01-10,4892,615,1,1,2013,1,10,2,1,0,0,True,True,5056.375
1,3,2013-01-09,5471,626,1,1,2013,1,9,2,0,0,0,True,True,5180.532
1,2,2013-01-08,5580,654,1,1,2013,1,8,2,0,0,0,True,True,5382.077
1,1,2013-01-07,7176,785,1,1,2013,1,7,2,0,0,1,True,True,6673.5073
1,7,2013-01-06,0,0,0,0,2013,1,6,1,0,0,0,True,True,0.0
1,6,2013-01-05,4997,635,1,0,2013,1,5,1,1,0,0,True,True,5496.887
1,5,2013-01-04,4486,619,1,0,2013,1,4,1,0,0,0,True,True,4880.0454
1,4,2013-01-03,4327,578,1,0,2013,1,3,1,0,0,0,True,True,4667.456
1,3,2013-01-02,5530,668,1,0,2013,1,2,1,0,0,0,True,True,4869.963
1,2,2013-01-01,0,0,0,0,2013,1,1,1,0,0,0,True,True,0.0
